{"first":[-15.513108581898242,0.042854049596434074,0.0023625796455850395,0.2019371026383515,-0.051805877597026186,0.08473126800273921,0.040993946805786524,-0.03645016650847918,-0.17544968915673528,-0.11985890464929327,-0.00508964398681407],"second":[431.0245745309699,9.030976737797594,70.6264717736045,77.45958443105366,95.68859905172377,73.8735204933245,88.47807490034478,60.014186550251196,94.25872707831829,68.17273678862414,75.66874901679844],"fourth":[482642.0684008731,244.07903642420285,735847.0398286924,2573378.612578973,6003572.664974633,1990048.7112745084,4163192.6560230604,510809.9001731989,3864703.9668901507,1016584.7870269789,770653.4922165192]}